Category,Price,ImageUrl,Address,Detail Url
Commerciale et bureaux,3 500 $,https://mspublic.centris.ca/media.ashx?id=ADDD250DCEF3C12DDDDDDDDDDF&t=pi&w=320&h=240&sm=c,"Local commercial à louer - 1851 - 1853, Rue Atateken - Montréal (Ville-Marie)",/fr/local-commercial~a-louer~montreal-ville-marie/21629477?view=Summary
Commerciale et bureaux,20 $,https://mspublic.centris.ca/media.ashx?id=ADDD250DCD2145DDDDDDDDDDDC&t=pi&w=320&h=240&sm=c,"Local commercial à louer - 945, Avenue Beaumont, local 010 - Montréal (Villeray/Saint-Michel/Parc-Extension)",/fr/local-commercial~a-louer~montreal-villeray-saint-michel-parc-extension/16110147?view=Summary
Commerciale et bureaux,20 $,https://mspublic.centris.ca/media.ashx?id=ADDD250DC28B7A1DDDDDDDDDD1&t=pi&w=320&h=240&sm=c,"Local commercial à louer - 7010 - 7012, boulevard Saint-Laurent, local 301 - Montréal (Rosemont/La Petite-Patrie)",/fr/local-commercial~a-louer~montreal-rosemont-la-petite-patrie/26162537?view=Summary
Bureaux seulement,18 $,https://mspublic.centris.ca/media.ashx?id=ADDD250DCA1335CDDDDDDDDDDF&t=pi&w=320&h=240&sm=c,"Local commercial à louer - 2606, Rue Lapierre - Montréal (LaSalle)",/fr/local-commercial~a-louer~montreal-lasalle/24749072?view=Summary
Commerciale seulement,40 $,https://mspublic.centris.ca/media.ashx?id=ADDD250DC0D2574DDDDDDDDDDF&t=pi&w=320&h=240&sm=c,"Local commercial à louer - 891, Avenue Beaumont - Montréal (Villeray/Saint-Michel/Parc-Extension)",/fr/local-commercial~a-louer~montreal-villeray-saint-michel-parc-extension/23737856?view=Summary
Commerciale et résidentielle,25 $,https://mspublic.centris.ca/media.ashx?id=ADDD250DCA344C3DDDDDDDDDD1&t=pi&w=320&h=240&sm=c,"Local commercial à louer - 590, Rue Viau, local B - Montréal (Mercier/Hochelaga-Maisonneuve)",/fr/local-commercial~a-louer~montreal-mercier-hochelaga-maisonneuve/13651450?view=Summary
Commerciale seulement,"26,50 $",https://mspublic.centris.ca/media.ashx?id=ADDD250DCA0545EDDDDDDDDDDF&t=pi&w=320&h=240&sm=c,"Local commercial à louer - 1678, Rue Thierry - Montréal (LaSalle)",/fr/local-commercial~a-louer~montreal-lasalle/27032129?view=Summary
Bureaux seulement,"14,50 $",https://mspublic.centris.ca/media.ashx?id=ADDD250D22FBB4CDDDDDDDDDDD&t=pi&w=320&h=240&sm=c,"Bâtisse commerciale à louer - 9250, boulevard de l'Acadie, local 260 - Montréal (Ahuntsic-Cartierville)",/fr/batisse-commerciale~a-louer~montreal-ahuntsic-cartierville/12222069?view=Summary
Commerciale et bureaux,1 950 $,https://mspublic.centris.ca/media.ashx?id=ADDD250DCAFC853DDDDDDDDDDC&t=pi&w=320&h=240&sm=c,"Local commercial à louer - 7673, Rue Centrale - Montréal (LaSalle)",/fr/local-commercial~a-louer~montreal-lasalle/21797772?view=Summary
Commerciale et bureaux,2 700 $,https://mspublic.centris.ca/media.ashx?id=ADDD250DC17BF0BDDDDDDDDDDF&t=pi&w=320&h=240&sm=c,"Local commercial à louer - 79, Rue Rachel Est - Montréal (Le Plateau-Mont-Royal)",/fr/local-commercial~a-louer~montreal-le-plateau-mont-royal/22065253?view=Summary
Commerciale et bureaux,"13,06 $",https://mspublic.centris.ca/media.ashx?id=ADDD250D2971D01DDDDDDDDDD4&t=pi&w=320&h=240&sm=c,"Local commercial à louer - 507, Place d'Armes, local 270 - Montréal (Ville-Marie)",/fr/local-commercial~a-louer~montreal-ville-marie/14074746?view=Summary
Commerciale et bureaux,28 $,https://mspublic.centris.ca/media.ashx?id=ADDD250DC2405ECDDDDDDDDDDF&t=pi&w=320&h=240&sm=c,"Bâtisse commerciale à louer - 444 - 454, Place Jacques-Cartier - Montréal (Ville-Marie)",/fr/batisse-commerciale~a-louer~montreal-ville-marie/19648471?view=Summary
Bureaux seulement,"14,50 $",https://mspublic.centris.ca/media.ashx?id=ADDD250D22FB037DDDDDDDDDD4&t=pi&w=320&h=240&sm=c,"Bâtisse commerciale à louer - 9250, boulevard de l'Acadie, local 220 - Montréal (Ahuntsic-Cartierville)",/fr/batisse-commerciale~a-louer~montreal-ahuntsic-cartierville/11199716?view=Summary
Bureaux seulement,"17,50 $",https://mspublic.centris.ca/media.ashx?id=ADDD250DCA3A838DDDDDDDDDD2&t=pi&w=320&h=240&sm=c,"Local commercial à louer - 1405, boulevard Henri-Bourassa Ouest, local 200 - Montréal (Ahuntsic-Cartierville)",/fr/local-commercial~a-louer~montreal-ahuntsic-cartierville/23547901?view=Summary
Commerciale et bureaux,1 265 $,https://mspublic.centris.ca/media.ashx?id=ADDD250DCAE2952DDDDDDDDDD2&t=pi&w=320&h=240&sm=c,"Local commercial à louer - 3555, Chemin de la Côte-des-Neiges, local COMM27 - Montréal (Ville-Marie)",/fr/local-commercial~a-louer~montreal-ville-marie/16124342?view=Summary
Commerciale et bureaux,2 250 $,https://mspublic.centris.ca/media.ashx?id=ADDD250DCE79F0ADDDDDDDDDD1&t=pi&w=320&h=240&sm=c,"Local commercial à louer - 5950C, Chemin de la Côte-des-Neiges - Montréal (Côte-des-Neiges/Notre-Dame-de-Grâce)",/fr/local-commercial~a-louer~montreal-cote-des-neiges-notre-dame-de-grace/24999549?view=Summary
Industrielle et bureaux,15 $,https://mspublic.centris.ca/media.ashx?id=ADDD250DC4087ADDDDDDDDDDDB&t=pi&w=320&h=240&sm=c,"Bâtisse industrielle à louer - 420 - 430, Rue Wright - Montréal (Saint-Laurent)",/fr/batisse-industrielle~a-louer~montreal-saint-laurent/20266746?view=Summary
Commerciale seulement,3 500 $,https://mspublic.centris.ca/media.ashx?id=ADDD250DCAFAD32DDDDDDDDDD1&t=pi&w=320&h=240&sm=c,"Local commercial à louer - 5393, Avenue du Parc - Montréal (Le Plateau-Mont-Royal)",/fr/local-commercial~a-louer~montreal-le-plateau-mont-royal/25698081?view=Summary
Commerciale seulement,2 174 $,https://mspublic.centris.ca/media.ashx?id=ADDD250DCA5A619DDDDDDDDDD1&t=pi&w=320&h=240&sm=c,"Local commercial à louer - 8042, Rue Saint-Hubert - Montréal (Villeray/Saint-Michel/Parc-Extension)",/fr/local-commercial~a-louer~montreal-villeray-saint-michel-parc-extension/14157381?view=Summary
Commerciale et bureaux,18 $,https://mspublic.centris.ca/media.ashx?id=ADDD250DCA8467FDDDDDDDDDD4&t=pi&w=320&h=240&sm=c,"Bâtisse commerciale à louer - 1084B, boulevard Saint-Laurent - Montréal (Ville-Marie)",/fr/batisse-commerciale~a-louer~montreal-ville-marie/22964714?view=Summary
